Modelo,Ventana,MAE,MSE,RMSE,MAPE,R2,Épocas,RMSE_train,RMSE_val,Brecha_%
A - LSTM base,12,33.48656463623047,1673.2821044921875,40.90577104140915,5.805724114179611,0.7488067150115967,23,40.24958450387252,29.87572321954106,1.630293941229382
B - LSTM profunda,12,40.51913833618164,2583.891845703125,50.8319962789494,7.086742669343948,0.6121059060096741,13,44.69250272478246,38.574370450651074,13.737188968749622
C - Propuesta grupo,12,31.096242904663086,1537.682373046875,39.213293320593145,5.215868353843689,0.7691630125045776,19,41.294603311998436,32.89711560066855,-5.040150103102097
A - LSTM base,24,22.413679122924805,823.694091796875,28.700071285571312,3.8188662379980087,0.8765223622322083,23,36.8875690310901,32.044543735293296,-22.19581815927769
B - LSTM profunda,24,26.55402946472168,1121.5325927734375,33.48929071768224,4.540828242897987,0.8318741917610168,17,37.69377830427142,44.110895685352645,-11.1543277849457
C - Propuesta grupo,24,24.941858291625977,996.4630126953125,31.566802383125733,4.215056449174881,0.8506230115890503,25,39.89772997830672,34.66044658709965,-20.880705743686917
A - LSTM base,48,26.78519058227539,1161.4150390625,34.07953988924293,4.587790742516518,0.8238545656204224,21,32.44295248610436,30.410890575992674,5.044508214348052
B - LSTM profunda,48,28.12950325012207,1284.1190185546875,35.83460643783726,4.837576672434807,0.8052448034286499,15,42.54236600464809,40.582271700425885,-15.767246151936998
C - Propuesta grupo,48,24.893842697143555,999.7489013671875,31.618806134438213,4.162095487117767,0.8483735918998718,19,35.1027092303785,37.1635706229274,-9.924883783401132
