demanda_mw,temperatura_c,humedad_pct,viento_kmh,radiacion_wm2,precipitacion_mm,precio_kwh,hora,dia_semana,fin_semana,festivo,mes
499.69,8.99,66.17,11.82,445.75,0.0,18.7798,12,3,0,0,12
551.62,12.2,60.04,6.36,438.08,0.0,24.9821,13,3,0,0,12
537.09,13.41,62.75,1.85,403.07,0.0,18.3387,14,3,0,0,12
542.85,14.55,71.82,9.99,358.84,0.0,20.8092,15,3,0,0,12
608.39,13.38,82.9,8.89,252.54,0.0,25.0218,16,3,0,0,12
664.63,13.22,83.49,9.66,140.99,7.02,34.1552,17,3,0,0,12
755.52,15.61,84.33,7.67,0.0,0.0,29.3166,18,3,0,0,12
693.28,17.79,83.95,11.06,0.0,0.0,31.6832,19,3,0,0,12
699.02,15.72,100.0,7.04,0.0,0.0,32.2743,20,3,0,0,12
706.51,16.1,95.16,9.4,0.0,0.0,26.2453,21,3,0,0,12
644.4,14.85,95.79,7.86,0.0,0.25,23.9982,22,3,0,0,12
635.14,13.95,100.0,15.51,0.0,0.0,25.3407,23,3,0,0,12
